<application>
  <component name="ProjectManager">
    <defaultProject>
      <component name="PropertiesComponent">{}</component>
      <component name="WindowStateProjectService">
        <state x="258" y="263" width="424" height="520" key="FileChooserDialogImpl" timestamp="1740411229850">
          <screen x="0" y="0" width="1920" height="1032" />
        </state>
        <state x="258" y="263" width="424" height="520" key="FileChooserDialogImpl/0.0.1920.1032" timestamp="1740411229850" />
      </component>
    </defaultProject>
  </component>
</application>