<application>
  <component name="DimensionService">
    <size key="GridCell.Tab.0.left.0.0.1920.1080" width="876" height="298" />
    <size key="GridCell.Tab.0.center.0.0.1920.1080" width="876" height="298" />
    <size key="GridCell.Tab.0.right.0.0.1920.1080" width="876" height="298" />
    <size key="GridCell.Tab.0.bottom.0.0.1920.1080" width="876" height="298" />
    <size key="GridCell.Tab.1.left.0.0.1920.1080" width="876" height="298" />
    <size key="GridCell.Tab.1.center.0.0.1920.1080" width="876" height="298" />
    <size key="GridCell.Tab.1.right.0.0.1920.1080" width="876" height="298" />
    <size key="GridCell.Tab.1.bottom.0.0.1920.1080" width="876" height="298" />
    <size key="GridCell.Tab.2.left.0.0.1920.1080" width="876" height="298" />
    <size key="GridCell.Tab.2.center.0.0.1920.1080" width="876" height="298" />
    <size key="GridCell.Tab.2.right.0.0.1920.1080" width="876" height="298" />
    <size key="GridCell.Tab.2.bottom.0.0.1920.1080" width="876" height="298" />
    <size key="GridCell.Tab.3.left.0.0.1920.1080" width="876" height="298" />
    <size key="GridCell.Tab.3.center.0.0.1920.1080" width="876" height="298" />
    <size key="GridCell.Tab.3.right.0.0.1920.1080" width="876" height="298" />
    <size key="GridCell.Tab.3.bottom.0.0.1920.1080" width="876" height="298" />
  </component>
  <component name="WindowManager">
    <frame x="0" y="0" width="960" height="1032" extendedState="4" />
  </component>
  <component name="WindowStateApplicationService">
    <state x="263" y="272" width="424" height="495" key="FileChooserDialogImpl" timestamp="1740404734488">
      <screen x="0" y="0" width="1920" height="1032" />
    </state>
    <state x="263" y="272" width="424" height="495" key="FileChooserDialogImpl/0.0.1920.1032" timestamp="1740404734488" />
  </component>
</application>